




/*EMPLEADOS*/

INSERT INTO `empleado` VALUES('ADMIN', 'DIONIDAS', 'CARCAMO', NULL, NULL, NULL, NULL, 'GERENTE', 'diony', '21232F297A57A5A743894A0E4A801FC3', 1);
INSERT INTO `empleado` VALUES('PD001', 'MELVIN SARBELIO', 'PALACIOS DIAZ', NULL, NULL, NULL, NULL, 'BODEGA', 'melvin', '1C70823B4007454694CD90C03B216A53', 1);
INSERT INTO `empleado` VALUES('PD002', 'MARIA GRACIELA', 'PALACIOS DIAZ', NULL, NULL, NULL, NULL, 'CONTADOR', 'shella', 'D3B280406AA73A84F5DAB3D01998781D', 1);
INSERT INTO `empleado` VALUES('SUPER', 'ADMINISTRADOR', 'SISTEMA', NULL, NULL, NULL, NULL, 'SUPERADMIN', 'admin', '17C4520F6CFD1AB53D8745E84681EB49', 1);



/* PERMISOS */
INSERT INTO `permisos` VALUES(1, 'SUPER', 'VER', 'PROVEEDORES', 'VER LISTA DE PROVEEDORES', 1);
INSERT INTO `permisos` VALUES(2, 'SUPER', 'VER', 'CARTERA CLIENTES', 'VER LISTA DE CLIENTES', 1);
INSERT INTO `permisos` VALUES(3, 'SUPER', 'VER', 'CATALOGO', 'VER LISTA DE ESTILOS', 1);
INSERT INTO `permisos` VALUES(4, 'SUPER', 'COMPRAS', 'REGISTRAR IMPORTACION', 'REGISTRAR NUEVA IMPORTACION Y RETACEO', 1);
INSERT INTO `permisos` VALUES(5, 'SUPER', 'COMPRAS', 'REGISTRAR COMPRA', 'REGISTRAR NUEVA COMPRA NACIONAL', 1);
INSERT INTO `permisos` VALUES(6, 'SUPER', 'COMPRAS', 'PAGOS A PROVEEDORES', 'REGISTRAR PAGOS REALIZADOS A LOS PROVEEDORES', 1);
INSERT INTO `permisos` VALUES(7, 'SUPER', 'COMPRAS', 'COMPRAS', 'VER LISTA DE COMPRAS REALIZADAS', 1);
INSERT INTO `permisos` VALUES(8, 'SUPER', 'INGRESOS', 'APROBAR INGRESOS', 'APROBAR RETACEOS E INGRESOS DE FACTURAS', 1);
INSERT INTO `permisos` VALUES(9, 'SUPER', 'INGRESOS', 'PREINGRESO DE FACTURA', 'INGRESAR DETALLE DE FACTURAS APROBADAS', 1);
INSERT INTO `permisos` VALUES(10, 'SUPER', 'INGRESOS', 'CODIFICACION DE PRODUCTO', 'CODIFICAR PRODUCTO E INGRESAR AL INVENTARIO', 1);
INSERT INTO `permisos` VALUES(11, 'SUPER', 'BODEGA', 'MUESTRAS', 'ASIGNAR MUESTRAS Y VER LISTADO DE MUESTRAS', 1);
INSERT INTO `permisos` VALUES(12, 'SUPER', 'BODEGA', 'PROCESAR PEDIDOS', 'DESPACHAR PEDIDOS APROBADOS', 1);
INSERT INTO `permisos` VALUES(13, 'SUPER', 'BODEGA', 'ENVIOS', 'VER LISTA DE ORDENES DE ENVIO', 1);
INSERT INTO `permisos` VALUES(14, 'SUPER', 'BODEGA', 'REINGRESO DE PRODUCTOS', 'REINGRESAR AL INVENTARIO PRODUCTOS DEVUELTOS POR ANULACION DE FACTURAS O DEVOLUCIONES', 1);
INSERT INTO `permisos` VALUES(15, 'SUPER', 'INVENTARIO', 'FISICO', 'VER LISTADO DE TODOS LOS PRODUCTOS DEL INVENTARIO Y MODIFICAR INFORMACION DE PRODUCTO', 1);
INSERT INTO `permisos` VALUES(16, 'SUPER', 'INVENTARIO', 'EXISTENCIAS', 'VER LISTADO DE PRODUCTOS EN EXISTENCIAS', 1);
INSERT INTO `permisos` VALUES(17, 'SUPER', 'INVENTARIO', 'CORTE DE INVENTARIO', 'INGRESAR PRODUCTO DEL CORTE DE INVENTARIO INICIAL', 1);
INSERT INTO `permisos` VALUES(18, 'SUPER', 'CONTROL GENERAL', 'CONTROL GENERAL', 'ACCESO A TODAS LAS VARIABLES Y CONFIGURACIONES GLOBALES, CONTROL DE PERMISOS Y CUENTAS DE USUARIOS', 1);
INSERT INTO `permisos` VALUES(19, 'SUPER', 'PEDIDOS', 'REGISTRAR PEDIDOS', 'REGISTRAR NUEVOS PEDIDOS DE CLIENTES EN EL SISTEMA', 1);
INSERT INTO `permisos` VALUES(20, 'SUPER', 'PEDIDOS', 'PEDIDOS', 'VER LISTA DE PEDIDOS REGISTRADOS', 1);
INSERT INTO `permisos` VALUES(21, 'SUPER', 'CREDITOS', 'APROBAR CREDITOS', 'APROBAR CREDITOS A CLIENTES', 1);
INSERT INTO `permisos` VALUES(22, 'SUPER', 'CREDITOS', 'HISTORIAL DE CLIENTE', 'CONSULTAR EL HISTORIAL DE CLIENTES', 1);
INSERT INTO `permisos` VALUES(23, 'SUPER', 'CREDITOS', 'CREDITOS', 'VER LISTA DE CREDITOS REGISTRADOS', 1);
INSERT INTO `permisos` VALUES(24, 'SUPER', 'VENTAS', 'FACTURAR', 'FACTURAR PRODUCTO A VENDER Y VER FACTURAS EMITIDAS', 1);
INSERT INTO `permisos` VALUES(25, 'SUPER', 'VENTAS', 'REGISTRAR PAGOS', 'REGISTRAR PAGOS DE CLIENTES', 1);
INSERT INTO `permisos` VALUES(26, 'SUPER', 'VENTAS', 'VENTAS', 'VER LISTA DE VENTAS REALIZADAS', 1);
INSERT INTO `permisos` VALUES(27, 'SUPER', 'CAD', 'REGISTRAR CAMBIO DE PRODUCTO', 'REGISTRAR CAMBIOS DE PRODUCTOS REALIZADOS A FACTURA', 1);
INSERT INTO `permisos` VALUES(28, 'SUPER', 'CAD', 'REGISTRAR DEVOLUCIONES', 'REGISTRAR Y APLICAR DEVOLUCIONES', 1);
INSERT INTO `permisos` VALUES(29, 'SUPER', 'CAD', 'ANULAR FACTURAS', 'ANULAR FACTURAS COMPLETAS Y REFACTURAR PRODUCTO', 1);
INSERT INTO `permisos` VALUES(30, 'SUPER', 'REPORTES', 'REPORTES', 'GENERAR REPORTES ESPECIALES', 1);
INSERT INTO `permisos` VALUES(31, 'ADMIN', 'VER', 'PROVEEDORES', 'VER LISTA DE PROVEEDORES', 1);
INSERT INTO `permisos` VALUES(32, 'ADMIN', 'VER', 'CARTERA CLIENTES', 'VER LISTA DE CLIENTES', 1);
INSERT INTO `permisos` VALUES(33, 'ADMIN', 'VER', 'CATALOGO', 'VER LISTA DE ESTILOS', 1);
INSERT INTO `permisos` VALUES(34, 'ADMIN', 'COMPRAS', 'REGISTRAR IMPORTACION', 'REGISTRAR NUEVA IMPORTACION Y RETACEO', 1);
INSERT INTO `permisos` VALUES(35, 'ADMIN', 'COMPRAS', 'REGISTRAR COMPRA', 'REGISTRAR NUEVA COMPRA NACIONAL', 1);
INSERT INTO `permisos` VALUES(36, 'ADMIN', 'COMPRAS', 'PAGOS A PROVEEDORES', 'REGISTRAR PAGOS REALIZADOS A LOS PROVEEDORES', 1);
INSERT INTO `permisos` VALUES(37, 'ADMIN', 'COMPRAS', 'COMPRAS', 'VER LISTA DE COMPRAS REALIZADAS', 1);
INSERT INTO `permisos` VALUES(38, 'ADMIN', 'INGRESOS', 'APROBAR INGRESOS', 'APROBAR RETACEOS E INGRESOS DE FACTURAS', 1);
INSERT INTO `permisos` VALUES(39, 'ADMIN', 'INGRESOS', 'PREINGRESO DE FACTURA', 'INGRESAR DETALLE DE FACTURAS APROBADAS', 1);
INSERT INTO `permisos` VALUES(40, 'ADMIN', 'INGRESOS', 'CODIFICACION DE PRODUCTO', 'CODIFICAR PRODUCTO E INGRESAR AL INVENTARIO', 1);
INSERT INTO `permisos` VALUES(41, 'ADMIN', 'BODEGA', 'MUESTRAS', 'ASIGNAR MUESTRAS Y VER LISTADO DE MUESTRAS', 1);
INSERT INTO `permisos` VALUES(42, 'ADMIN', 'BODEGA', 'PROCESAR PEDIDOS', 'DESPACHAR PEDIDOS APROBADOS', 1);
INSERT INTO `permisos` VALUES(43, 'ADMIN', 'BODEGA', 'ENVIOS', 'VER LISTA DE ORDENES DE ENVIO', 1);
INSERT INTO `permisos` VALUES(44, 'ADMIN', 'BODEGA', 'REINGRESO DE PRODUCTOS', 'REINGRESAR AL INVENTARIO PRODUCTOS DEVUELTOS POR ANULACION DE FACTURAS O DEVOLUCIONES', 1);
INSERT INTO `permisos` VALUES(45, 'ADMIN', 'INVENTARIO', 'FISICO', 'VER LISTADO DE TODOS LOS PRODUCTOS DEL INVENTARIO Y MODIFICAR INFORMACION DE PRODUCTO', 1);
INSERT INTO `permisos` VALUES(46, 'ADMIN', 'INVENTARIO', 'EXISTENCIAS', 'VER LISTADO DE PRODUCTOS EN EXISTENCIAS', 1);
INSERT INTO `permisos` VALUES(47, 'ADMIN', 'INVENTARIO', 'CORTE DE INVENTARIO', 'INGRESAR PRODUCTO DEL CORTE DE INVENTARIO INICIAL', 1);
INSERT INTO `permisos` VALUES(48, 'ADMIN', 'CONTROL GENERAL', 'CONTROL GENERAL', 'ACCESO A TODAS LAS VARIABLES Y CONFIGURACIONES GLOBALES, CONTROL DE PERMISOS Y CUENTAS DE USUARIOS', 1);
INSERT INTO `permisos` VALUES(49, 'ADMIN', 'PEDIDOS', 'REGISTRAR PEDIDOS', 'REGISTRAR NUEVOS PEDIDOS DE CLIENTES EN EL SISTEMA', 1);
INSERT INTO `permisos` VALUES(50, 'ADMIN', 'PEDIDOS', 'PEDIDOS', 'VER LISTA DE PEDIDOS REGISTRADOS', 1);
INSERT INTO `permisos` VALUES(51, 'ADMIN', 'CREDITOS', 'APROBAR CREDITOS', 'APROBAR CREDITOS A CLIENTES', 1);
INSERT INTO `permisos` VALUES(52, 'ADMIN', 'CREDITOS', 'HISTORIAL DE CLIENTE', 'CONSULTAR EL HISTORIAL DE CLIENTES', 1);
INSERT INTO `permisos` VALUES(53, 'ADMIN', 'CREDITOS', 'CREDITOS', 'VER LISTA DE CREDITOS REGISTRADOS', 1);
INSERT INTO `permisos` VALUES(54, 'ADMIN', 'VENTAS', 'FACTURAR', 'FACTURAR PRODUCTO A VENDER Y VER FACTURAS EMITIDAS', 1);
INSERT INTO `permisos` VALUES(55, 'ADMIN', 'VENTAS', 'REGISTRAR PAGOS', 'REGISTRAR PAGOS DE CLIENTES', 1);
INSERT INTO `permisos` VALUES(56, 'ADMIN', 'VENTAS', 'VENTAS', 'VER LISTA DE VENTAS REALIZADAS', 1);
INSERT INTO `permisos` VALUES(57, 'ADMIN', 'CAD', 'REGISTRAR CAMBIO DE PRODUCTO', 'REGISTRAR CAMBIOS DE PRODUCTOS REALIZADOS A FACTURA', 1);
INSERT INTO `permisos` VALUES(58, 'ADMIN', 'CAD', 'REGISTRAR DEVOLUCIONES', 'REGISTRAR Y APLICAR DEVOLUCIONES', 1);
INSERT INTO `permisos` VALUES(59, 'ADMIN', 'CAD', 'ANULAR FACTURAS', 'ANULAR FACTURAS COMPLETAS Y REFACTURAR PRODUCTO', 1);
INSERT INTO `permisos` VALUES(60, 'ADMIN', 'REPORTES', 'REPORTES', 'GENERAR REPORTES ESPECIALES', 1);
INSERT INTO `permisos` VALUES(61, 'PD001', 'VER', 'PROVEEDORES', 'VER LISTA DE PROVEEDORES', 1);
INSERT INTO `permisos` VALUES(62, 'PD001', 'VER', 'CARTERA CLIENTES', 'VER LISTA DE CLIENTES', 1);
INSERT INTO `permisos` VALUES(63, 'PD001', 'VER', 'CATALOGO', 'VER LISTA DE ESTILOS', 1);
INSERT INTO `permisos` VALUES(64, 'PD001', 'COMPRAS', 'REGISTRAR IMPORTACION', 'REGISTRAR NUEVA IMPORTACION Y RETACEO', 0);
INSERT INTO `permisos` VALUES(65, 'PD001', 'COMPRAS', 'REGISTRAR COMPRA', 'REGISTRAR NUEVA COMPRA NACIONAL', 0);
INSERT INTO `permisos` VALUES(66, 'PD001', 'COMPRAS', 'PAGOS A PROVEEDORES', 'REGISTRAR PAGOS REALIZADOS A LOS PROVEEDORES', 0);
INSERT INTO `permisos` VALUES(67, 'PD001', 'COMPRAS', 'COMPRAS', 'VER LISTA DE COMPRAS REALIZADAS', 0);
INSERT INTO `permisos` VALUES(68, 'PD001', 'INGRESOS', 'APROBAR INGRESOS', 'APROBAR RETACEOS E INGRESOS DE FACTURAS', 0);
INSERT INTO `permisos` VALUES(69, 'PD001', 'INGRESOS', 'PREINGRESO DE FACTURA', 'INGRESAR DETALLE DE FACTURAS APROBADAS', 1);
INSERT INTO `permisos` VALUES(70, 'PD001', 'INGRESOS', 'CODIFICACION DE PRODUCTO', 'CODIFICAR PRODUCTO E INGRESAR AL INVENTARIO', 1);
INSERT INTO `permisos` VALUES(71, 'PD001', 'BODEGA', 'MUESTRAS', 'ASIGNAR MUESTRAS Y VER LISTADO DE MUESTRAS', 1);
INSERT INTO `permisos` VALUES(72, 'PD001', 'BODEGA', 'PROCESAR PEDIDOS', 'DESPACHAR PEDIDOS APROBADOS', 1);
INSERT INTO `permisos` VALUES(73, 'PD001', 'BODEGA', 'ENVIOS', 'VER LISTA DE ORDENES DE ENVIO', 1);
INSERT INTO `permisos` VALUES(74, 'PD001', 'BODEGA', 'REINGRESO DE PRODUCTOS', 'REINGRESAR AL INVENTARIO PRODUCTOS DEVUELTOS POR ANULACION DE FACTURAS O DEVOLUCIONES', 1);
INSERT INTO `permisos` VALUES(75, 'PD001', 'INVENTARIO', 'FISICO', 'VER LISTADO DE TODOS LOS PRODUCTOS DEL INVENTARIO Y MODIFICAR INFORMACION DE PRODUCTO', 1);
INSERT INTO `permisos` VALUES(76, 'PD001', 'INVENTARIO', 'EXISTENCIAS', 'VER LISTADO DE PRODUCTOS EN EXISTENCIAS', 1);
INSERT INTO `permisos` VALUES(77, 'PD001', 'INVENTARIO', 'CORTE DE INVENTARIO', 'INGRESAR PRODUCTO DEL CORTE DE INVENTARIO INICIAL', 1);
INSERT INTO `permisos` VALUES(78, 'PD001', 'CONTROL GENERAL', 'CONTROL GENERAL', 'ACCESO A TODAS LAS VARIABLES Y CONFIGURACIONES GLOBALES, CONTROL DE PERMISOS Y CUENTAS DE USUARIOS', 0);
INSERT INTO `permisos` VALUES(79, 'PD001', 'PEDIDOS', 'REGISTRAR PEDIDOS', 'REGISTRAR NUEVOS PEDIDOS DE CLIENTES EN EL SISTEMA', 1);
INSERT INTO `permisos` VALUES(80, 'PD001', 'PEDIDOS', 'PEDIDOS', 'VER LISTA DE PEDIDOS REGISTRADOS', 1);
INSERT INTO `permisos` VALUES(81, 'PD001', 'CREDITOS', 'APROBAR CREDITOS', 'APROBAR CREDITOS A CLIENTES', 0);
INSERT INTO `permisos` VALUES(82, 'PD001', 'CREDITOS', 'HISTORIAL DE CLIENTE', 'CONSULTAR EL HISTORIAL DE CLIENTES', 0);
INSERT INTO `permisos` VALUES(83, 'PD001', 'CREDITOS', 'CREDITOS', 'VER LISTA DE CREDITOS REGISTRADOS', 0);
INSERT INTO `permisos` VALUES(84, 'PD001', 'VENTAS', 'FACTURAR', 'FACTURAR PRODUCTO A VENDER Y VER FACTURAS EMITIDAS', 0);
INSERT INTO `permisos` VALUES(85, 'PD001', 'VENTAS', 'REGISTRAR PAGOS', 'REGISTRAR PAGOS DE CLIENTES', 0);
INSERT INTO `permisos` VALUES(86, 'PD001', 'VENTAS', 'VENTAS', 'VER LISTA DE VENTAS REALIZADAS', 0);
INSERT INTO `permisos` VALUES(87, 'PD001', 'CAD', 'REGISTRAR CAMBIO DE PRODUCTO', 'REGISTRAR CAMBIOS DE PRODUCTOS REALIZADOS A FACTURA', 1);
INSERT INTO `permisos` VALUES(88, 'PD001', 'CAD', 'REGISTRAR DEVOLUCIONES', 'REGISTRAR Y APLICAR DEVOLUCIONES', 0);
INSERT INTO `permisos` VALUES(89, 'PD001', 'CAD', 'ANULAR FACTURAS', 'ANULAR FACTURAS COMPLETAS Y REFACTURAR PRODUCTO', 0);
INSERT INTO `permisos` VALUES(90, 'PD001', 'REPORTES', 'REPORTES', 'GENERAR REPORTES ESPECIALES', 0);
INSERT INTO `permisos` VALUES(91, 'PD002', 'VER', 'PROVEEDORES', 'VER LISTA DE PROVEEDORES', 1);
INSERT INTO `permisos` VALUES(92, 'PD002', 'VER', 'CARTERA CLIENTES', 'VER LISTA DE CLIENTES', 1);
INSERT INTO `permisos` VALUES(93, 'PD002', 'VER', 'CATALOGO', 'VER LISTA DE ESTILOS', 1);
INSERT INTO `permisos` VALUES(94, 'PD002', 'COMPRAS', 'REGISTRAR IMPORTACION', 'REGISTRAR NUEVA IMPORTACION Y RETACEO', 1);
INSERT INTO `permisos` VALUES(95, 'PD002', 'COMPRAS', 'REGISTRAR COMPRA', 'REGISTRAR NUEVA COMPRA NACIONAL', 1);
INSERT INTO `permisos` VALUES(96, 'PD002', 'COMPRAS', 'PAGOS A PROVEEDORES', 'REGISTRAR PAGOS REALIZADOS A LOS PROVEEDORES', 1);
INSERT INTO `permisos` VALUES(97, 'PD002', 'COMPRAS', 'COMPRAS', 'VER LISTA DE COMPRAS REALIZADAS', 1);
INSERT INTO `permisos` VALUES(98, 'PD002', 'INGRESOS', 'APROBAR INGRESOS', 'APROBAR RETACEOS E INGRESOS DE FACTURAS', 0);
INSERT INTO `permisos` VALUES(99, 'PD002', 'INGRESOS', 'PREINGRESO DE FACTURA', 'INGRESAR DETALLE DE FACTURAS APROBADAS', 0);
INSERT INTO `permisos` VALUES(100, 'PD002', 'INGRESOS', 'CODIFICACION DE PRODUCTO', 'CODIFICAR PRODUCTO E INGRESAR AL INVENTARIO', 0);
INSERT INTO `permisos` VALUES(101, 'PD002', 'BODEGA', 'MUESTRAS', 'ASIGNAR MUESTRAS Y VER LISTADO DE MUESTRAS', 0);
INSERT INTO `permisos` VALUES(102, 'PD002', 'BODEGA', 'PROCESAR PEDIDOS', 'DESPACHAR PEDIDOS APROBADOS', 0);
INSERT INTO `permisos` VALUES(103, 'PD002', 'BODEGA', 'ENVIOS', 'VER LISTA DE ORDENES DE ENVIO', 1);
INSERT INTO `permisos` VALUES(104, 'PD002', 'BODEGA', 'REINGRESO DE PRODUCTOS', 'REINGRESAR AL INVENTARIO PRODUCTOS DEVUELTOS POR ANULACION DE FACTURAS O DEVOLUCIONES', 0);
INSERT INTO `permisos` VALUES(105, 'PD002', 'INVENTARIO', 'FISICO', 'VER LISTADO DE TODOS LOS PRODUCTOS DEL INVENTARIO Y MODIFICAR INFORMACION DE PRODUCTO', 0);
INSERT INTO `permisos` VALUES(106, 'PD002', 'INVENTARIO', 'EXISTENCIAS', 'VER LISTADO DE PRODUCTOS EN EXISTENCIAS', 1);
INSERT INTO `permisos` VALUES(107, 'PD002', 'INVENTARIO', 'CORTE DE INVENTARIO', 'INGRESAR PRODUCTO DEL CORTE DE INVENTARIO INICIAL', 0);
INSERT INTO `permisos` VALUES(108, 'PD002', 'CONTROL GENERAL', 'CONTROL GENERAL', 'ACCESO A TODAS LAS VARIABLES Y CONFIGURACIONES GLOBALES, CONTROL DE PERMISOS Y CUENTAS DE USUARIOS', 0);
INSERT INTO `permisos` VALUES(109, 'PD002', 'PEDIDOS', 'REGISTRAR PEDIDOS', 'REGISTRAR NUEVOS PEDIDOS DE CLIENTES EN EL SISTEMA', 0);
INSERT INTO `permisos` VALUES(110, 'PD002', 'PEDIDOS', 'PEDIDOS', 'VER LISTA DE PEDIDOS REGISTRADOS', 1);
INSERT INTO `permisos` VALUES(111, 'PD002', 'CREDITOS', 'APROBAR CREDITOS', 'APROBAR CREDITOS A CLIENTES', 1);
INSERT INTO `permisos` VALUES(112, 'PD002', 'CREDITOS', 'HISTORIAL DE CLIENTE', 'CONSULTAR EL HISTORIAL DE CLIENTES', 1);
INSERT INTO `permisos` VALUES(113, 'PD002', 'CREDITOS', 'CREDITOS', 'VER LISTA DE CREDITOS REGISTRADOS', 1);
INSERT INTO `permisos` VALUES(114, 'PD002', 'VENTAS', 'FACTURAR', 'FACTURAR PRODUCTO A VENDER Y VER FACTURAS EMITIDAS', 1);
INSERT INTO `permisos` VALUES(115, 'PD002', 'VENTAS', 'REGISTRAR PAGOS', 'REGISTRAR PAGOS DE CLIENTES', 1);
INSERT INTO `permisos` VALUES(116, 'PD002', 'VENTAS', 'VENTAS', 'VER LISTA DE VENTAS REALIZADAS', 1);
INSERT INTO `permisos` VALUES(117, 'PD002', 'CAD', 'REGISTRAR CAMBIO DE PRODUCTO', 'REGISTRAR CAMBIOS DE PRODUCTOS REALIZADOS A FACTURA', 1);
INSERT INTO `permisos` VALUES(118, 'PD002', 'CAD', 'REGISTRAR DEVOLUCIONES', 'REGISTRAR Y APLICAR DEVOLUCIONES', 1);
INSERT INTO `permisos` VALUES(119, 'PD002', 'CAD', 'ANULAR FACTURAS', 'ANULAR FACTURAS COMPLETAS Y REFACTURAR PRODUCTO', 1);
INSERT INTO `permisos` VALUES(120, 'PD002', 'REPORTES', 'REPORTES', 'GENERAR REPORTES ESPECIALES', 1);

/* CONFIGURACIONES */

INSERT INTO `configuraciones` VALUES (1,'PRECIO VENTA','UTILIDAD',NULL,0,0.30,0.00);
INSERT INTO `configuraciones` VALUES (2,'PRECIO VENTA','COMISIONES Y COSTO DE DISTRIBUCION',NULL,0,0.10,0.00);
INSERT INTO `configuraciones` VALUES (3,'PRECIO VENTA','DESCUENTO',NULL,0,0.10,0.00);
INSERT INTO `configuraciones` VALUES (4,'PRECIO VENTA','DETALLE',NULL,0,0.40,0.00);
INSERT INTO `configuraciones` VALUES (5,'GLOBAL','IVA',NULL,0,0.13,0.00);
INSERT INTO `configuraciones` VALUES (6,'CREDITOS','DIAS PLAZO',NULL,60,0,0.00);

/* MUNICIPIOS */
INSERT INTO `municipios` VALUES(1, 'OCCIDENTAL', 'AHUACHAPAN', 'AHUACHAPAN');
INSERT INTO `municipios` VALUES(2, 'OCCIDENTAL', 'AHUACHAPAN', 'APANECA');
INSERT INTO `municipios` VALUES(3, 'OCCIDENTAL', 'AHUACHAPAN', 'ATIQUIZAYA');
INSERT INTO `municipios` VALUES(4, 'OCCIDENTAL', 'AHUACHAPAN', 'CONCEPCION DE ATACO');
INSERT INTO `municipios` VALUES(5, 'OCCIDENTAL', 'AHUACHAPAN', 'EL REFUGIO');
INSERT INTO `municipios` VALUES(6, 'OCCIDENTAL', 'AHUACHAPAN', 'GUAYMANGO');
INSERT INTO `municipios` VALUES(7, 'OCCIDENTAL', 'AHUACHAPAN', 'JUJUTLA');
INSERT INTO `municipios` VALUES(8, 'OCCIDENTAL', 'AHUACHAPAN', 'SAN FRANCISCO MENENDEZ');
INSERT INTO `municipios` VALUES(9, 'OCCIDENTAL', 'AHUACHAPAN', 'SAN LORENZO');
INSERT INTO `municipios` VALUES(10, 'OCCIDENTAL', 'AHUACHAPAN', 'SAN PEDRO PUXTLA');
INSERT INTO `municipios` VALUES(11, 'OCCIDENTAL', 'AHUACHAPAN', 'TACUBA');
INSERT INTO `municipios` VALUES(12, 'OCCIDENTAL', 'AHUACHAPAN', 'TURIN');
INSERT INTO `municipios` VALUES(13, 'OCCIDENTAL', 'SANTA ANA', 'CANDELARIA DE LA FRONTERA');
INSERT INTO `municipios` VALUES(14, 'OCCIDENTAL', 'SANTA ANA', 'CHALCHUAPA');
INSERT INTO `municipios` VALUES(15, 'OCCIDENTAL', 'SANTA ANA', 'COATEPEQUE');
INSERT INTO `municipios` VALUES(16, 'OCCIDENTAL', 'SANTA ANA', 'EL CONGO');
INSERT INTO `municipios` VALUES(17, 'OCCIDENTAL', 'SANTA ANA', 'EL PORVENIR');
INSERT INTO `municipios` VALUES(18, 'OCCIDENTAL', 'SANTA ANA', 'MASAHUAT');
INSERT INTO `municipios` VALUES(19, 'OCCIDENTAL', 'SANTA ANA', 'METAPAN');
INSERT INTO `municipios` VALUES(20, 'OCCIDENTAL', 'SANTA ANA', 'SAN ANTONIO PAJONAL');
INSERT INTO `municipios` VALUES(21, 'OCCIDENTAL', 'SANTA ANA', 'SAN SEBASTIAN SALITRILLO');
INSERT INTO `municipios` VALUES(22, 'OCCIDENTAL', 'SANTA ANA', 'SANTA ANA');
INSERT INTO `municipios` VALUES(23, 'OCCIDENTAL', 'SANTA ANA', 'SANTA ROSA GUACHIPILIN');
INSERT INTO `municipios` VALUES(24, 'OCCIDENTAL', 'SANTA ANA', 'SANTIANGO DE LA FRONTERA');
INSERT INTO `municipios` VALUES(25, 'OCCIDENTAL', 'SANTA ANA', 'TEXISTEPEQUE');
INSERT INTO `municipios` VALUES(26, 'OCCIDENTAL', 'SONSONATE', 'ACAJUTLA');
INSERT INTO `municipios` VALUES(27, 'OCCIDENTAL', 'SONSONATE', 'ARMENIA');
INSERT INTO `municipios` VALUES(28, 'OCCIDENTAL', 'SONSONATE', 'CALUCO');
INSERT INTO `municipios` VALUES(29, 'OCCIDENTAL', 'SONSONATE', 'CUISNAHUAT');
INSERT INTO `municipios` VALUES(30, 'OCCIDENTAL', 'SONSONATE', 'IZALCO');
INSERT INTO `municipios` VALUES(31, 'OCCIDENTAL', 'SONSONATE', 'JUAYUA');
INSERT INTO `municipios` VALUES(32, 'OCCIDENTAL', 'SONSONATE', 'NAHUIZALCO');
INSERT INTO `municipios` VALUES(33, 'OCCIDENTAL', 'SONSONATE', 'NAHUILINGO');
INSERT INTO `municipios` VALUES(34, 'OCCIDENTAL', 'SONSONATE', 'SALCOATITAN');
INSERT INTO `municipios` VALUES(35, 'OCCIDENTAL', 'SONSONATE', 'SAN ANTONIO DEL MONTE');
INSERT INTO `municipios` VALUES(36, 'OCCIDENTAL', 'SONSONATE', 'SAN JULIAN');
INSERT INTO `municipios` VALUES(37, 'OCCIDENTAL', 'SONSONATE', 'SANTA CATARINA MASAHUAT');
INSERT INTO `municipios` VALUES(38, 'OCCIDENTAL', 'SONSONATE', 'SANTA ISABEL ISHUATAN');
INSERT INTO `municipios` VALUES(39, 'OCCIDENTAL', 'SONSONATE', 'SANTO DOMINGO DE GUZMAN');
INSERT INTO `municipios` VALUES(40, 'OCCIDENTAL', 'SONSONATE', 'SONSONATE');
INSERT INTO `municipios` VALUES(41, 'OCCIDENTAL', 'SONSONATE', 'SONZACATE');
INSERT INTO `municipios` VALUES(42, 'CENTRAL', 'LA LIBERTAD', 'ANTIGUO CUSCATLAN');
INSERT INTO `municipios` VALUES(43, 'CENTRAL', 'LA LIBERTAD', 'CHILTIUPAN');
INSERT INTO `municipios` VALUES(44, 'CENTRAL', 'LA LIBERTAD', 'CIUDAD ARCE');
INSERT INTO `municipios` VALUES(45, 'CENTRAL', 'LA LIBERTAD', 'COLON');
INSERT INTO `municipios` VALUES(46, 'CENTRAL', 'LA LIBERTAD', 'COMASAGUA');
INSERT INTO `municipios` VALUES(47, 'CENTRAL', 'LA LIBERTAD', 'HUIZUCAR');
INSERT INTO `municipios` VALUES(48, 'CENTRAL', 'LA LIBERTAD', 'JAYAQUE');
INSERT INTO `municipios` VALUES(49, 'CENTRAL', 'LA LIBERTAD', 'JICALAPA');
INSERT INTO `municipios` VALUES(50, 'CENTRAL', 'LA LIBERTAD', 'LA LIBERTAD');
INSERT INTO `municipios` VALUES(51, 'CENTRAL', 'LA LIBERTAD', 'SANTA TECLA');
INSERT INTO `municipios` VALUES(52, 'CENTRAL', 'LA LIBERTAD', 'NUEVO CUSCATLAN');
INSERT INTO `municipios` VALUES(53, 'CENTRAL', 'LA LIBERTAD', 'SAN JUAN OPICO');
INSERT INTO `municipios` VALUES(54, 'CENTRAL', 'LA LIBERTAD', 'QUEZALTEPEQUE');
INSERT INTO `municipios` VALUES(55, 'CENTRAL', 'LA LIBERTAD', 'SACACOYO');
INSERT INTO `municipios` VALUES(56, 'CENTRAL', 'LA LIBERTAD', 'SAN JOSE VILLANUEVA');
INSERT INTO `municipios` VALUES(57, 'CENTRAL', 'LA LIBERTAD', 'SAN MATIAS');
INSERT INTO `municipios` VALUES(58, 'CENTRAL', 'LA LIBERTAD', 'SAN PABLO TACACHICO');
INSERT INTO `municipios` VALUES(59, 'CENTRAL', 'LA LIBERTAD', 'TALNIQUE');
INSERT INTO `municipios` VALUES(60, 'CENTRAL', 'LA LIBERTAD', 'TAMANIQUE');
INSERT INTO `municipios` VALUES(61, 'CENTRAL', 'LA LIBERTAD', 'TEOTEPEQUE');
INSERT INTO `municipios` VALUES(62, 'CENTRAL', 'LA LIBERTAD', 'TEPECOYO');
INSERT INTO `municipios` VALUES(63, 'CENTRAL', 'LA LIBERTAD', 'ZARAGOZA');
INSERT INTO `municipios` VALUES(64, 'CENTRAL', 'CHALATENANGO', 'CITALA');
INSERT INTO `municipios` VALUES(65, 'CENTRAL', 'CHALATENANGO', 'COMALAPA');
INSERT INTO `municipios` VALUES(66, 'CENTRAL', 'CHALATENANGO', 'CONCEPCION QUEZALTEPEQUE');
INSERT INTO `municipios` VALUES(67, 'CENTRAL', 'CHALATENANGO', 'DULCE NOMBRE DE MARIA');
INSERT INTO `municipios` VALUES(68, 'CENTRAL', 'CHALATENANGO', 'EL CARRIZAL');
INSERT INTO `municipios` VALUES(69, 'CENTRAL', 'CHALATENANGO', 'EL PARAISO');
INSERT INTO `municipios` VALUES(70, 'CENTRAL', 'CHALATENANGO', 'LA LAGUNA');
INSERT INTO `municipios` VALUES(71, 'CENTRAL', 'CHALATENANGO', 'LA PALMA');
INSERT INTO `municipios` VALUES(72, 'CENTRAL', 'CHALATENANGO', 'LA REINA');
INSERT INTO `municipios` VALUES(73, 'CENTRAL', 'CHALATENANGO', 'LAS VUELTAS');
INSERT INTO `municipios` VALUES(74, 'CENTRAL', 'CHALATENANGO', 'NOMBRE DE JESUS');
INSERT INTO `municipios` VALUES(75, 'CENTRAL', 'CHALATENANGO', 'NUEVA CONCEPCION');
INSERT INTO `municipios` VALUES(76, 'CENTRAL', 'CHALATENANGO', 'NUEVA TRININAD');
INSERT INTO `municipios` VALUES(77, 'CENTRAL', 'CHALATENANGO', 'OJOS DE AGUA');
INSERT INTO `municipios` VALUES(78, 'CENTRAL', 'CHALATENANGO', 'POTONICO');
INSERT INTO `municipios` VALUES(79, 'CENTRAL', 'CHALATENANGO', 'SAN ANTONIO DE LA CRUZ');
INSERT INTO `municipios` VALUES(80, 'CENTRAL', 'CHALATENANGO', 'SAN ANTONIO LOS RANCHOS');
INSERT INTO `municipios` VALUES(81, 'CENTRAL', 'CHALATENANGO', 'SAN FERNANDO');
INSERT INTO `municipios` VALUES(82, 'CENTRAL', 'CHALATENANGO', 'SAN FRANCISCO LEMPA');
INSERT INTO `municipios` VALUES(83, 'CENTRAL', 'CHALATENANGO', 'SAN FRANCISCO MORAZAN');
INSERT INTO `municipios` VALUES(84, 'CENTRAL', 'CHALATENANGO', 'SAN IGNACIO');
INSERT INTO `municipios` VALUES(85, 'CENTRAL', 'CHALATENANGO', 'SAN ISIDRO LABRADOR');
INSERT INTO `municipios` VALUES(86, 'CENTRAL', 'CHALATENANGO', 'SAN JOSE CONCASQUE');
INSERT INTO `municipios` VALUES(87, 'CENTRAL', 'CHALATENANGO', 'SAN JOSE LAS FLORES');
INSERT INTO `municipios` VALUES(88, 'CENTRAL', 'CHALATENANGO', 'SAN LUIS DEL CARMEN');
INSERT INTO `municipios` VALUES(89, 'CENTRAL', 'CHALATENANGO', 'SAN MIGUEL DE MERCEDES');
INSERT INTO `municipios` VALUES(90, 'CENTRAL', 'CHALATENANGO', 'SAN RAFAEL');
INSERT INTO `municipios` VALUES(91, 'CENTRAL', 'CHALATENANGO', 'SANTA RITA');
INSERT INTO `municipios` VALUES(92, 'CENTRAL', 'CHALATENANGO', 'TEJUTLA');
INSERT INTO `municipios` VALUES(93, 'CENTRAL', 'CUSCATLAN', 'CANDELARIA');
INSERT INTO `municipios` VALUES(94, 'CENTRAL', 'CUSCATLAN', 'COJUTEPEQUE');
INSERT INTO `municipios` VALUES(95, 'CENTRAL', 'CUSCATLAN', 'EL CARMEN');
INSERT INTO `municipios` VALUES(96, 'CENTRAL', 'CUSCATLAN', 'EL ROSARIO');
INSERT INTO `municipios` VALUES(97, 'CENTRAL', 'CUSCATLAN', 'MONTE SAN JUAN');
INSERT INTO `municipios` VALUES(98, 'CENTRAL', 'CUSCATLAN', 'ORATORIO DE CONCEPCION');
INSERT INTO `municipios` VALUES(99, 'CENTRAL', 'CUSCATLAN', 'SAN BARTOLOME PERULAPIA');
INSERT INTO `municipios` VALUES(100, 'CENTRAL', 'CUSCATLAN', 'SAN CRISTOBAL');
INSERT INTO `municipios` VALUES(101, 'CENTRAL', 'CUSCATLAN', 'SAN JOSE GUAYABAL');
INSERT INTO `municipios` VALUES(102, 'CENTRAL', 'CUSCATLAN', 'SAN PEDRO PERULAPAN');
INSERT INTO `municipios` VALUES(103, 'CENTRAL', 'CUSCATLAN', 'SAN RAFAEL CEDROS');
INSERT INTO `municipios` VALUES(104, 'CENTRAL', 'CUSCATLAN', 'SAN RAMON');
INSERT INTO `municipios` VALUES(105, 'CENTRAL', 'CUSCATLAN', 'SANTA CRUZ ANALQUITO');
INSERT INTO `municipios` VALUES(106, 'CENTRAL', 'CUSCATLAN', 'SANTA CRUZ MICHAPA');
INSERT INTO `municipios` VALUES(107, 'CENTRAL', 'CUSCATLAN', 'SUCHITOTO');
INSERT INTO `municipios` VALUES(108, 'CENTRAL', 'CUSCATLAN', 'TENANCINGO');
INSERT INTO `municipios` VALUES(109, 'CENTRAL', 'SAN SALVADOR', 'AGUILARES');
INSERT INTO `municipios` VALUES(110, 'CENTRAL', 'SAN SALVADOR', 'APOPA');
INSERT INTO `municipios` VALUES(111, 'CENTRAL', 'SAN SALVADOR', 'AYUTUXTEPEQUE');
INSERT INTO `municipios` VALUES(112, 'CENTRAL', 'SAN SALVADOR', 'CIUDAD DELGADO');
INSERT INTO `municipios` VALUES(113, 'CENTRAL', 'SAN SALVADOR', 'CUSCATANCINGO');
INSERT INTO `municipios` VALUES(114, 'CENTRAL', 'SAN SALVADOR', 'EL PAISNAL');
INSERT INTO `municipios` VALUES(115, 'CENTRAL', 'SAN SALVADOR', 'GUAZAPA');
INSERT INTO `municipios` VALUES(116, 'CENTRAL', 'SAN SALVADOR', 'ILOPANGO');
INSERT INTO `municipios` VALUES(117, 'CENTRAL', 'SAN SALVADOR', 'MEJICANOS');
INSERT INTO `municipios` VALUES(118, 'CENTRAL', 'SAN SALVADOR', 'NEJAPA');
INSERT INTO `municipios` VALUES(119, 'CENTRAL', 'SAN SALVADOR', 'PANCHIMALCO');
INSERT INTO `municipios` VALUES(120, 'CENTRAL', 'SAN SALVADOR', 'ROSARIO DE MORA');
INSERT INTO `municipios` VALUES(121, 'CENTRAL', 'SAN SALVADOR', 'SAN MARCOS');
INSERT INTO `municipios` VALUES(122, 'CENTRAL', 'SAN SALVADOR', 'SAN MARTIN');
INSERT INTO `municipios` VALUES(123, 'CENTRAL', 'SAN SALVADOR', 'SAN SALVADOR');
INSERT INTO `municipios` VALUES(124, 'CENTRAL', 'SAN SALVADOR', 'SANTIAGO TEXACUANGOS');
INSERT INTO `municipios` VALUES(125, 'CENTRAL', 'SAN SALVADOR', 'SANTO TOMAS');
INSERT INTO `municipios` VALUES(126, 'CENTRAL', 'SAN SALVADOR', 'SOYAPANGO');
INSERT INTO `municipios` VALUES(127, 'CENTRAL', 'SAN SALVADOR', 'TONACATEPEQUE');
INSERT INTO `municipios` VALUES(128, 'PARACENTRAL', 'LA PAZ', 'CUYULTITAN');
INSERT INTO `municipios` VALUES(129, 'PARACENTRAL', 'LA PAZ', 'ROSARIO DE LA PAZ');
INSERT INTO `municipios` VALUES(130, 'PARACENTRAL', 'LA PAZ', 'JERUSALEN');
INSERT INTO `municipios` VALUES(131, 'PARACENTRAL', 'LA PAZ', 'MERCEDES LA CEIBA');
INSERT INTO `municipios` VALUES(132, 'PARACENTRAL', 'LA PAZ', 'OLOCUILTA');
INSERT INTO `municipios` VALUES(133, 'PARACENTRAL', 'LA PAZ', 'PARAISO DE OSORIO');
INSERT INTO `municipios` VALUES(134, 'PARACENTRAL', 'LA PAZ', 'SAN ANTONIO MASAHUAT');
INSERT INTO `municipios` VALUES(135, 'PARACENTRAL', 'LA PAZ', 'SAN EMIGDIO');
INSERT INTO `municipios` VALUES(136, 'PARACENTRAL', 'LA PAZ', 'SAN FRANCISCO CHINAMECA');
INSERT INTO `municipios` VALUES(137, 'PARACENTRAL', 'LA PAZ', 'SAN ANTONIO NONUALCO');
INSERT INTO `municipios` VALUES(138, 'PARACENTRAL', 'LA PAZ', 'SAN JUAN TALPA');
INSERT INTO `municipios` VALUES(139, 'PARACENTRAL', 'LA PAZ', 'SAN JUAN TEPEZONTES');
INSERT INTO `municipios` VALUES(140, 'PARACENTRAL', 'LA PAZ', 'SAN LUIS LA HERRADURA');
INSERT INTO `municipios` VALUES(141, 'PARACENTRAL', 'LA PAZ', 'SAN LUIS TALPA');
INSERT INTO `municipios` VALUES(142, 'PARACENTRAL', 'LA PAZ', 'SAN MIGUEL TEPEZONTES');
INSERT INTO `municipios` VALUES(143, 'PARACENTRAL', 'LA PAZ', 'SAN PEDRO MASAHUAT');
INSERT INTO `municipios` VALUES(144, 'PARACENTRAL', 'LA PAZ', 'SAN PEDRO NONUALCO');
INSERT INTO `municipios` VALUES(145, 'PARACENTRAL', 'LA PAZ', 'SAN RAFAEL OBRAJUELO');
INSERT INTO `municipios` VALUES(146, 'PARACENTRAL', 'LA PAZ', 'SANTA MARIA OSTUMA');
INSERT INTO `municipios` VALUES(147, 'PARACENTRAL', 'LA PAZ', 'SANTIAGO NONUALCO');
INSERT INTO `municipios` VALUES(148, 'PARACENTRAL', 'LA PAZ', 'TAPALHUACA');
INSERT INTO `municipios` VALUES(149, 'PARACENTRAL', 'LA PAZ', 'ZACATECOLUCA');
INSERT INTO `municipios` VALUES(150, 'PARACENTRAL', 'CABAÑAS', 'CINQUERA');
INSERT INTO `municipios` VALUES(151, 'PARACENTRAL', 'CABAÑAS', 'DOLORES');
INSERT INTO `municipios` VALUES(152, 'PARACENTRAL', 'CABAÑAS', 'GUACOTECTIC');
INSERT INTO `municipios` VALUES(153, 'PARACENTRAL', 'CABAÑAS', 'ILOBASCO');
INSERT INTO `municipios` VALUES(154, 'PARACENTRAL', 'CABAÑAS', 'JUTIAPA');
INSERT INTO `municipios` VALUES(155, 'PARACENTRAL', 'CABAÑAS', 'SAN ISIDRO');
INSERT INTO `municipios` VALUES(156, 'PARACENTRAL', 'CABAÑAS', 'SENSUNTEPEQUE');
INSERT INTO `municipios` VALUES(157, 'PARACENTRAL', 'CABAÑAS', 'TEJUTEPEQUE');
INSERT INTO `municipios` VALUES(158, 'PARACENTRAL', 'CABAÑAS', 'VICTORIA');
INSERT INTO `municipios` VALUES(159, 'PARACENTRAL', 'SAN VICENTE', 'APASTEPEQUE');
INSERT INTO `municipios` VALUES(160, 'PARACENTRAL', 'SAN VICENTE', 'GUADALUPE');
INSERT INTO `municipios` VALUES(161, 'PARACENTRAL', 'SAN VICENTE', 'ISTEPEQUE');
INSERT INTO `municipios` VALUES(162, 'PARACENTRAL', 'SAN VICENTE', 'SAN ESTEBAN CATARINA');
INSERT INTO `municipios` VALUES(163, 'PARACENTRAL', 'SAN VICENTE', 'SAN ILDEFONSO');
INSERT INTO `municipios` VALUES(164, 'PARACENTRAL', 'SAN VICENTE', 'SAN LORENZO');
INSERT INTO `municipios` VALUES(165, 'PARACENTRAL', 'SAN VICENTE', 'SAN SEBASTIAN');
INSERT INTO `municipios` VALUES(166, 'PARACENTRAL', 'SAN VICENTE', 'SAN VICENTE');
INSERT INTO `municipios` VALUES(167, 'PARACENTRAL', 'SAN VICENTE', 'SANTA CLARA');
INSERT INTO `municipios` VALUES(168, 'PARACENTRAL', 'SAN VICENTE', 'SANTO DOMINGO');
INSERT INTO `municipios` VALUES(169, 'PARACENTRAL', 'SAN VICENTE', 'TECOLUCA');
INSERT INTO `municipios` VALUES(170, 'PARACENTRAL', 'SAN VICENTE', 'TEPETITAN');
INSERT INTO `municipios` VALUES(171, 'PARACENTRAL', 'SAN VICENTE', 'VERAPAZ');
INSERT INTO `municipios` VALUES(172, 'ORIENTAL', 'MORAZAN', 'ARAMBALA');
INSERT INTO `municipios` VALUES(173, 'ORIENTAL', 'MORAZAN', 'CACAOPERA');
INSERT INTO `municipios` VALUES(174, 'ORIENTAL', 'MORAZAN', 'CHILANGA');
INSERT INTO `municipios` VALUES(175, 'ORIENTAL', 'MORAZAN', 'CORINTO');
INSERT INTO `municipios` VALUES(176, 'ORIENTAL', 'MORAZAN', 'DELICIAS DE CONCEPCION');
INSERT INTO `municipios` VALUES(177, 'ORIENTAL', 'MORAZAN', 'EL DIVISADERO');
INSERT INTO `municipios` VALUES(178, 'ORIENTAL', 'MORAZAN', 'EL ROSARIO');
INSERT INTO `municipios` VALUES(179, 'ORIENTAL', 'MORAZAN', 'GUALOCOCTI');
INSERT INTO `municipios` VALUES(180, 'ORIENTAL', 'MORAZAN', 'GUATAJIAGUA');
INSERT INTO `municipios` VALUES(181, 'ORIENTAL', 'MORAZAN', 'JOATECA');
INSERT INTO `municipios` VALUES(182, 'ORIENTAL', 'MORAZAN', 'JOCOATIQUE');
INSERT INTO `municipios` VALUES(183, 'ORIENTAL', 'MORAZAN', 'JOCORO');
INSERT INTO `municipios` VALUES(184, 'ORIENTAL', 'MORAZAN', 'LOLOTIQUILLO');
INSERT INTO `municipios` VALUES(185, 'ORIENTAL', 'MORAZAN', 'MEANGERA');
INSERT INTO `municipios` VALUES(186, 'ORIENTAL', 'MORAZAN', 'OSICALA');
INSERT INTO `municipios` VALUES(187, 'ORIENTAL', 'MORAZAN', 'PERQUIN');
INSERT INTO `municipios` VALUES(188, 'ORIENTAL', 'MORAZAN', 'SAN CARLOS');
INSERT INTO `municipios` VALUES(189, 'ORIENTAL', 'MORAZAN', 'SAN FERNANDO');
INSERT INTO `municipios` VALUES(190, 'ORIENTAL', 'MORAZAN', 'SAN FRANCISCO GOTERA');
INSERT INTO `municipios` VALUES(191, 'ORIENTAL', 'MORAZAN', 'SAN ISIDRO');
INSERT INTO `municipios` VALUES(192, 'ORIENTAL', 'MORAZAN', 'SAN SIMON');
INSERT INTO `municipios` VALUES(193, 'ORIENTAL', 'MORAZAN', 'SENSEMBRA');
INSERT INTO `municipios` VALUES(194, 'ORIENTAL', 'MORAZAN', 'SOCIEDAD');
INSERT INTO `municipios` VALUES(195, 'ORIENTAL', 'MORAZAN', 'TOROLA');
INSERT INTO `municipios` VALUES(196, 'ORIENTAL', 'MORAZAN', 'YAMABAL');
INSERT INTO `municipios` VALUES(197, 'ORIENTAL', 'MORAZAN', 'YOLOAIQUIN');
INSERT INTO `municipios` VALUES(198, 'ORIENTAL', 'SAN MIGUEL', 'CAROLINA');
INSERT INTO `municipios` VALUES(199, 'ORIENTAL', 'SAN MIGUEL', 'CHAPALTIQUE');
INSERT INTO `municipios` VALUES(200, 'ORIENTAL', 'SAN MIGUEL', 'CHINAMECA');
INSERT INTO `municipios` VALUES(201, 'ORIENTAL', 'SAN MIGUEL', 'CHIRILAGUA');
INSERT INTO `municipios` VALUES(202, 'ORIENTAL', 'SAN MIGUEL', 'CIUDAD BARRIOS');
INSERT INTO `municipios` VALUES(203, 'ORIENTAL', 'SAN MIGUEL', 'COMACARAN');
INSERT INTO `municipios` VALUES(204, 'ORIENTAL', 'SAN MIGUEL', 'EL TRANSITO');
INSERT INTO `municipios` VALUES(205, 'ORIENTAL', 'SAN MIGUEL', 'LOLOTIQUE');
INSERT INTO `municipios` VALUES(206, 'ORIENTAL', 'SAN MIGUEL', 'MONCAGUA');
INSERT INTO `municipios` VALUES(207, 'ORIENTAL', 'SAN MIGUEL', 'NUEVA GUADALUPE');
INSERT INTO `municipios` VALUES(208, 'ORIENTAL', 'SAN MIGUEL', 'NUEVO EDEN DE SAN JUAN');
INSERT INTO `municipios` VALUES(209, 'ORIENTAL', 'SAN MIGUEL', 'QULEPA');
INSERT INTO `municipios` VALUES(210, 'ORIENTAL', 'SAN MIGUEL', 'SAN ANTONIO DEL MOSCSO');
INSERT INTO `municipios` VALUES(211, 'ORIENTAL', 'SAN MIGUEL', 'SAN GERARDO');
INSERT INTO `municipios` VALUES(212, 'ORIENTAL', 'SAN MIGUEL', 'SAN JORGE');
INSERT INTO `municipios` VALUES(213, 'ORIENTAL', 'SAN MIGUEL', 'SAN LUIS DE LA REINA');
INSERT INTO `municipios` VALUES(214, 'ORIENTAL', 'SAN MIGUEL', 'SAN MIGUEL');
INSERT INTO `municipios` VALUES(215, 'ORIENTAL', 'SAN MIGUEL', 'SAN RAFAEL ORIENTE');
INSERT INTO `municipios` VALUES(216, 'ORIENTAL', 'SAN MIGUEL', 'SESORI');
INSERT INTO `municipios` VALUES(217, 'ORIENTAL', 'SAN MIGUEL', 'ULUAZAPA');
INSERT INTO `municipios` VALUES(218, 'ORIENTAL', 'USULUTAN', 'ALEGRIA');
INSERT INTO `municipios` VALUES(219, 'ORIENTAL', 'USULUTAN', 'BERLIN');
INSERT INTO `municipios` VALUES(220, 'ORIENTAL', 'USULUTAN', 'CALIFORNIA');
INSERT INTO `municipios` VALUES(221, 'ORIENTAL', 'USULUTAN', 'CONCEPCION BATRES');
INSERT INTO `municipios` VALUES(222, 'ORIENTAL', 'USULUTAN', 'EL TRIUNFO');
INSERT INTO `municipios` VALUES(223, 'ORIENTAL', 'USULUTAN', 'EREGUAYQUIN');
INSERT INTO `municipios` VALUES(224, 'ORIENTAL', 'USULUTAN', 'ESTANZUELAS');
INSERT INTO `municipios` VALUES(225, 'ORIENTAL', 'USULUTAN', 'JIQUILISCO');
INSERT INTO `municipios` VALUES(226, 'ORIENTAL', 'USULUTAN', 'JUCUAPA');
INSERT INTO `municipios` VALUES(227, 'ORIENTAL', 'USULUTAN', 'JUCUARAN');
INSERT INTO `municipios` VALUES(228, 'ORIENTAL', 'USULUTAN', 'MERCEDES UMAÑA');
INSERT INTO `municipios` VALUES(229, 'ORIENTAL', 'USULUTAN', 'NUEVA GRANADA');
INSERT INTO `municipios` VALUES(230, 'ORIENTAL', 'USULUTAN', 'OZATLAN');
INSERT INTO `municipios` VALUES(231, 'ORIENTAL', 'USULUTAN', 'PUERTO EL TRIUNFO');
INSERT INTO `municipios` VALUES(232, 'ORIENTAL', 'USULUTAN', 'SAN AGUSTIN');
INSERT INTO `municipios` VALUES(233, 'ORIENTAL', 'USULUTAN', 'SAN BUENAVENTURA');
INSERT INTO `municipios` VALUES(234, 'ORIENTAL', 'USULUTAN', 'SAN DIONISIO');
INSERT INTO `municipios` VALUES(235, 'ORIENTAL', 'USULUTAN', 'SAN FRANCISCO JAVIER');
INSERT INTO `municipios` VALUES(236, 'ORIENTAL', 'USULUTAN', 'SANTA ELENA');
INSERT INTO `municipios` VALUES(237, 'ORIENTAL', 'USULUTAN', 'SANTA MARIA');
INSERT INTO `municipios` VALUES(238, 'ORIENTAL', 'USULUTAN', 'SANTIAGO DE MARIA');
INSERT INTO `municipios` VALUES(239, 'ORIENTAL', 'USULUTAN', 'TECAPAN');
INSERT INTO `municipios` VALUES(240, 'ORIENTAL', 'USULUTAN', 'USULUTAN');
INSERT INTO `municipios` VALUES(241, 'ORIENTAL', 'LA UNION', 'ANAMOROS');
INSERT INTO `municipios` VALUES(242, 'ORIENTAL', 'LA UNION', 'BOLIVAR');
INSERT INTO `municipios` VALUES(243, 'ORIENTAL', 'LA UNION', 'CONCEPCION DE ORIENTE');
INSERT INTO `municipios` VALUES(244, 'ORIENTAL', 'LA UNION', 'CONCHAGUA');
INSERT INTO `municipios` VALUES(245, 'ORIENTAL', 'LA UNION', 'EL CARMEN');
INSERT INTO `municipios` VALUES(246, 'ORIENTAL', 'LA UNION', 'EL SAUCE');
INSERT INTO `municipios` VALUES(247, 'ORIENTAL', 'LA UNION', 'INTIPUCA');
INSERT INTO `municipios` VALUES(248, 'ORIENTAL', 'LA UNION', 'LA UNION');
INSERT INTO `municipios` VALUES(249, 'ORIENTAL', 'LA UNION', 'LILISQUE');
INSERT INTO `municipios` VALUES(250, 'ORIENTAL', 'LA UNION', 'MEANGUERA DEL GOLFO');
INSERT INTO `municipios` VALUES(251, 'ORIENTAL', 'LA UNION', 'NUEVA ESPARTA');
INSERT INTO `municipios` VALUES(252, 'ORIENTAL', 'LA UNION', 'PASAQUINA');
INSERT INTO `municipios` VALUES(253, 'ORIENTAL', 'LA UNION', 'POLOROS');
INSERT INTO `municipios` VALUES(254, 'ORIENTAL', 'LA UNION', 'SAN ALEJO');
INSERT INTO `municipios` VALUES(255, 'ORIENTAL', 'LA UNION', 'SAN JOSE');
INSERT INTO `municipios` VALUES(256, 'ORIENTAL', 'LA UNION', 'SANTA ROSA DE LIMA');
INSERT INTO `municipios` VALUES(257, 'ORIENTAL', 'LA UNION', 'YAYANTIQUE');
INSERT INTO `municipios` VALUES(258, 'ORIENTAL', 'LA UNION', 'YUCUAIQUIN');



/*PROVEEDOR*/
INSERT INTO `proveedor` VALUES(0, 'CORTE INVENTARIO INICIAL', NULL, NULL, NULL, NULL, NULL, NULL, NULL, NULL, NULL, 'PROVEEDOR SOLO PARA HACER EL CORTE DE INVENTARIO INICIAL');

/*TRANSACCION*/
INSERT INTO `transaccion` VALUES(0, 'ADMIN', 0, '2013-10-18', NULL);


/*RETACEO*/
INSERT INTO `retaceo` VALUES('00000', '0.00', '0.00', '0.00', '0.00', '0.00', '0.00', '0.00', '0.00', '0.00', '0.00', '1.0000', '0.00', '0.00', '0.00', '1.0000', 'RETACEO PARA CORTE DE INVENTARIO INICIAL', 0, 0);



/*FACTURA_INGRESO*/
INSERT INTO `factura_ingreso` VALUES('00000', '2013-10-18', '00000', 'CORTE', 0, 'INVENTARIO', 1, 0, '0.00', '0.00', '0.00', '0.00', NULL, NULL, NULL, NULL, NULL, NULL, NULL, 'INICIO', 'FACTURA INICIO SISTEMA');



